Order_ID,Date,Product,Category,Region,Salesperson,Quantity,Unit_Price,Total_Sales
1001,2026-04-07,Headphones,Electronics,West,Neha,9,2839,25551
1002,2026-02-28,Monitor,Electronics,West,Priya,1,8827,8827
1003,2026-02-28,Smartwatch,Electronics,East,Karan,1,13422,13422
1004,2026-02-17,Keyboard,Electronics,Central,Priya,4,1055,4220
1005,2026-06-18,Headphones,Electronics,West,Karan,9,6643,59787
1006,2026-01-13,Speaker,Electronics,South,Rahul,6,5376,32256
1007,2026-04-17,Tablet,Electronics,South,Neha,3,20959,62877
1008,2026-02-14,Headphones,Electronics,North,Rohit,1,1326,1326
1009,2026-03-30,Smartwatch,Electronics,Central,Neha,4,5677,22708
1010,2026-06-30,Keyboard,Electronics,West,Karan,9,1303,11727
1011,2026-06-19,Monitor,Electronics,South,Aman,3,19641,58923
1012,2026-04-10,Smartwatch,Electronics,Central,Anjali,9,8524,76716
1013,2026-07-10,Smartwatch,Electronics,North,Vikas,7,7609,53263
1014,2026-06-04,Tablet,Electronics,East,Rohit,4,35530,142120
1015,2026-06-15,Mouse,Electronics,Central,Priya,3,1452,4356
1016,2026-07-07,Keyboard,Electronics,Central,Rohit,10,2130,21300
1017,2026-01-07,Mobile,Electronics,East,Anjali,5,46560,232800
1018,2026-05-13,Smartwatch,Electronics,Central,Priya,5,13553,67765
1019,2026-08-23,Mouse,Electronics,North,Anjali,3,1769,5307
1020,2026-02-14,Mobile,Electronics,North,Priya,9,13645,122805
1021,2026-02-27,Keyboard,Electronics,East,Rohit,4,3167,12668
1022,2026-08-31,Laptop,Electronics,West,Priya,5,70781,353905
1023,2026-01-31,Speaker,Electronics,South,Priya,4,4530,18120
1024,2026-01-23,Mouse,Electronics,West,Aman,5,1224,6120
1025,2026-06-19,Printer,Electronics,Central,Neha,7,10072,70504
1026,2026-05-18,Laptop,Electronics,South,Neha,9,46854,421686
1027,2026-06-09,Speaker,Electronics,East,Vikas,7,5521,38647
1028,2026-04-17,Tablet,Electronics,East,Vikas,5,19662,98310
1029,2026-06-30,Headphones,Electronics,South,Karan,10,7714,77140
1030,2026-06-07,Monitor,Electronics,North,Karan,10,10708,107080
1031,2026-02-08,Printer,Electronics,South,Karan,7,18694,130858
1032,2026-06-08,Tablet,Electronics,Central,Aman,10,38496,384960
1033,2026-03-23,Keyboard,Electronics,North,Vikas,5,2032,10160
1034,2026-04-10,Tablet,Electronics,East,Anjali,3,39777,119331
1035,2026-01-02,Headphones,Electronics,South,Karan,7,4707,32949
1036,2026-07-25,Keyboard,Electronics,West,Karan,2,3060,6120
1037,2026-03-18,Printer,Electronics,West,Rohit,9,11212,100908
1038,2026-08-09,Headphones,Electronics,Central,Rahul,10,6232,62320
1039,2026-01-12,Mobile,Electronics,West,Anjali,10,52738,527380
1040,2026-02-08,Monitor,Electronics,South,Karan,1,24920,24920
1041,2026-07-13,Printer,Electronics,South,Karan,6,8625,51750
1042,2026-08-12,Mobile,Electronics,West,Karan,7,19973,139811
1043,2026-01-13,Speaker,Electronics,South,Rahul,8,10077,80616
1044,2026-02-15,Printer,Electronics,Central,Rahul,10,15070,150700
1045,2026-06-04,Speaker,Electronics,North,Aman,9,10166,91494
1046,2026-04-23,Keyboard,Electronics,Central,Anjali,2,1117,2234
1047,2026-08-21,Mobile,Electronics,Central,Aman,10,48368,483680
1048,2026-01-17,Monitor,Electronics,South,Priya,2,14783,29566
1049,2026-04-14,Headphones,Electronics,North,Rahul,5,6234,31170
1050,2026-08-11,Smartwatch,Electronics,South,Rohit,5,11646,58230
1051,2026-04-08,Tablet,Electronics,East,Vikas,6,19971,119826
1052,2026-07-07,Laptop,Electronics,South,Rohit,3,74434,223302
1053,2026-07-11,Monitor,Electronics,South,Vikas,8,21490,171920
1054,2026-03-29,Mobile,Electronics,South,Rahul,1,13990,13990
1055,2026-04-19,Smartwatch,Electronics,North,Rahul,6,7799,46794
1056,2026-06-12,Monitor,Electronics,South,Rahul,4,20997,83988
1057,2026-08-28,Mobile,Electronics,North,Aman,1,31956,31956
1058,2026-03-11,Mouse,Electronics,West,Anjali,7,1584,11088
1059,2026-07-30,Mouse,Electronics,East,Vikas,9,576,5184
1060,2026-06-07,Speaker,Electronics,North,Anjali,4,5880,23520
1061,2026-07-18,Monitor,Electronics,West,Aman,4,12757,51028
1062,2026-03-15,Mouse,Electronics,North,Aman,6,1065,6390
1063,2026-08-21,Mobile,Electronics,North,Neha,3,22395,67185
1064,2026-08-12,Speaker,Electronics,East,Rohit,6,7088,42528
1065,2026-08-14,Mobile,Electronics,Central,Rohit,7,39696,277872
1066,2026-03-04,Speaker,Electronics,Central,Priya,10,2466,24660
1067,2026-06-05,Monitor,Electronics,North,Karan,10,12944,129440
1068,2026-03-01,Smartwatch,Electronics,South,Aman,3,5932,17796
1069,2026-03-20,Headphones,Electronics,West,Vikas,7,1888,13216
1070,2026-08-10,Printer,Electronics,South,Neha,3,11243,33729
1071,2026-02-06,Smartwatch,Electronics,South,Neha,2,6201,12402
1072,2026-08-09,Keyboard,Electronics,North,Karan,10,1041,10410
1073,2026-01-22,Mobile,Electronics,North,Anjali,4,43195,172780
1074,2026-07-15,Keyboard,Electronics,North,Karan,8,1786,14288
1075,2026-05-28,Smartwatch,Electronics,North,Karan,9,12416,111744
1076,2026-04-06,Speaker,Electronics,Central,Karan,7,8204,57428
1077,2026-08-16,Printer,Electronics,North,Rohit,1,27806,27806
1078,2026-08-30,Printer,Electronics,Central,Aman,3,16984,50952
1079,2026-03-09,Laptop,Electronics,Central,Priya,9,46759,420831
1080,2026-08-07,Printer,Electronics,North,Aman,1,16181,16181
1081,2026-07-11,Headphones,Electronics,East,Anjali,9,3462,31158
1082,2026-01-17,Printer,Electronics,West,Rahul,8,9482,75856
1083,2026-01-12,Smartwatch,Electronics,South,Karan,1,10558,10558
1084,2026-05-30,Laptop,Electronics,Central,Aman,6,45951,275706
1085,2026-05-25,Smartwatch,Electronics,West,Anjali,5,11414,57070
1086,2026-05-18,Smartwatch,Electronics,East,Rahul,6,14081,84486
1087,2026-04-28,Tablet,Electronics,South,Rahul,10,17079,170790
1088,2026-07-12,Laptop,Electronics,South,Karan,5,47717,238585
1089,2026-01-22,Smartwatch,Electronics,Central,Priya,6,13024,78144
1090,2026-08-06,Tablet,Electronics,North,Vikas,5,42952,214760
1091,2026-04-30,Tablet,Electronics,East,Rohit,5,35908,179540
1092,2026-07-29,Laptop,Electronics,Central,Aman,4,54692,218768
1093,2026-02-19,Keyboard,Electronics,East,Rahul,3,985,2955
1094,2026-01-14,Speaker,Electronics,North,Aman,3,8811,26433
1095,2026-07-11,Headphones,Electronics,North,Vikas,4,4695,18780
1096,2026-06-24,Speaker,Electronics,Central,Rohit,9,8686,78174
1097,2026-01-29,Printer,Electronics,North,Vikas,2,25449,50898
1098,2026-07-23,Headphones,Electronics,West,Rohit,9,1968,17712
1099,2026-06-13,Printer,Electronics,South,Neha,1,12490,12490
1100,2026-08-15,Smartwatch,Electronics,Central,Rohit,1,13749,13749
1101,2026-06-29,Mobile,Electronics,East,Karan,5,40865,204325
1102,2026-05-05,Laptop,Electronics,West,Priya,6,51645,309870
1103,2026-07-23,Headphones,Electronics,Central,Vikas,6,6283,37698
1104,2026-01-07,Headphones,Electronics,North,Rahul,3,6432,19296
1105,2026-01-29,Smartwatch,Electronics,North,Karan,7,12853,89971
1106,2026-05-19,Keyboard,Electronics,North,Neha,9,2401,21609
1107,2026-02-02,Tablet,Electronics,North,Priya,10,40522,405220
1108,2026-05-14,Smartwatch,Electronics,East,Aman,8,7426,59408
1109,2026-04-21,Mouse,Electronics,West,Karan,6,1687,10122
1110,2026-03-20,Tablet,Electronics,South,Vikas,8,27342,218736
1111,2026-06-09,Laptop,Electronics,East,Anjali,5,53038,265190
1112,2026-06-28,Tablet,Electronics,East,Anjali,8,31002,248016
1113,2026-07-22,Keyboard,Electronics,South,Rahul,10,1499,14990
1114,2026-02-27,Tablet,Electronics,South,Rohit,4,19873,79492
1115,2026-08-03,Laptop,Electronics,North,Rahul,10,46481,464810
1116,2026-01-26,Keyboard,Electronics,East,Anjali,8,2601,20808
1117,2026-08-14,Speaker,Electronics,Central,Aman,10,7805,78050
1118,2026-06-23,Headphones,Electronics,South,Neha,2,4651,9302
1119,2026-08-14,Headphones,Electronics,South,Neha,5,5264,26320
1120,2026-01-29,Printer,Electronics,West,Vikas,9,21422,192798
1121,2026-01-04,Speaker,Electronics,Central,Neha,4,1554,6216
1122,2026-07-28,Speaker,Electronics,Central,Vikas,6,9143,54858
1123,2026-04-09,Tablet,Electronics,South,Karan,1,41399,41399
1124,2026-05-21,Headphones,Electronics,North,Vikas,9,6497,58473
1125,2026-08-21,Laptop,Electronics,West,Karan,1,64846,64846
1126,2026-02-08,Monitor,Electronics,Central,Vikas,5,23708,118540
1127,2026-01-15,Monitor,Electronics,South,Anjali,4,19271,77084
1128,2026-04-29,Keyboard,Electronics,Central,Anjali,3,1532,4596
1129,2026-01-29,Headphones,Electronics,West,Rohit,6,5608,33648
1130,2026-06-06,Headphones,Electronics,West,Karan,2,4006,8012
1131,2026-03-16,Monitor,Electronics,East,Priya,3,22295,66885
1132,2026-04-26,Headphones,Electronics,South,Karan,5,7302,36510
1133,2026-02-01,Tablet,Electronics,West,Vikas,9,25682,231138
1134,2026-05-10,Mouse,Electronics,East,Vikas,2,727,1454
1135,2026-06-24,Mobile,Electronics,East,Priya,10,43480,434800
1136,2026-07-25,Speaker,Electronics,Central,Rahul,8,4810,38480
1137,2026-03-25,Printer,Electronics,Central,Vikas,2,10300,20600
1138,2026-01-22,Keyboard,Electronics,East,Rohit,5,3326,16630
1139,2026-07-22,Mouse,Electronics,Central,Neha,7,1474,10318
1140,2026-01-27,Monitor,Electronics,West,Neha,8,11054,88432
1141,2026-07-14,Speaker,Electronics,North,Aman,1,9470,9470
1142,2026-03-22,Headphones,Electronics,West,Aman,6,3343,20058
1143,2026-05-06,Printer,Electronics,East,Neha,1,28591,28591
1144,2026-08-24,Headphones,Electronics,East,Neha,2,2511,5022
1145,2026-07-03,Laptop,Electronics,West,Anjali,1,72767,72767
1146,2026-04-02,Laptop,Electronics,Central,Rohit,5,60149,300745
1147,2026-08-09,Printer,Electronics,Central,Priya,10,25922,259220
1148,2026-01-21,Printer,Electronics,East,Aman,9,19175,172575
1149,2026-02-16,Monitor,Electronics,South,Anjali,6,16356,98136
1150,2026-07-27,Printer,Electronics,Central,Anjali,1,29996,29996
1151,2026-04-11,Tablet,Electronics,West,Priya,1,36389,36389
1152,2026-07-06,Headphones,Electronics,Central,Anjali,2,2022,4044
1153,2026-03-25,Mouse,Electronics,West,Karan,9,1343,12087
1154,2026-01-06,Smartwatch,Electronics,East,Rohit,3,8650,25950
1155,2026-05-27,Printer,Electronics,Central,Neha,1,11425,11425
1156,2026-07-04,Keyboard,Electronics,West,Vikas,5,1474,7370
1157,2026-07-16,Laptop,Electronics,East,Priya,7,61032,427224
1158,2026-05-11,Tablet,Electronics,South,Neha,6,17198,103188
1159,2026-01-01,Speaker,Electronics,West,Neha,1,5742,5742
1160,2026-02-27,Smartwatch,Electronics,South,Rahul,5,6195,30975
1161,2026-05-04,Mouse,Electronics,South,Karan,5,1314,6570
1162,2026-06-15,Smartwatch,Electronics,North,Priya,6,3808,22848
1163,2026-01-15,Printer,Electronics,Central,Anjali,3,27561,82683
1164,2026-06-11,Monitor,Electronics,West,Vikas,5,16705,83525
1165,2026-07-08,Laptop,Electronics,South,Priya,7,55112,385784
1166,2026-06-12,Laptop,Electronics,North,Anjali,5,68236,341180
1167,2026-03-05,Speaker,Electronics,East,Neha,5,7535,37675
1168,2026-08-29,Monitor,Electronics,West,Vikas,5,12841,64205
1169,2026-01-25,Headphones,Electronics,South,Anjali,10,2609,26090
1170,2026-01-24,Mobile,Electronics,Central,Rohit,10,41378,413780
1171,2026-01-12,Tablet,Electronics,North,Anjali,3,19566,58698
1172,2026-01-18,Laptop,Electronics,South,Rahul,1,56382,56382
1173,2026-01-15,Keyboard,Electronics,Central,Karan,5,1095,5475
1174,2026-08-24,Laptop,Electronics,South,Neha,9,62939,566451
1175,2026-07-27,Smartwatch,Electronics,West,Anjali,1,3304,3304
1176,2026-01-27,Laptop,Electronics,West,Karan,3,58221,174663
1177,2026-03-13,Laptop,Electronics,West,Aman,4,46279,185116
1178,2026-03-01,Mobile,Electronics,North,Aman,1,19083,19083
1179,2026-06-23,Mobile,Electronics,West,Karan,1,29771,29771
1180,2026-08-05,Mouse,Electronics,Central,Karan,8,1703,13624
1181,2026-05-25,Headphones,Electronics,South,Rahul,2,5888,11776
1182,2026-04-03,Keyboard,Electronics,East,Rohit,8,3461,27688
1183,2026-02-22,Laptop,Electronics,Central,Neha,7,60517,423619
1184,2026-01-08,Laptop,Electronics,Central,Priya,10,64063,640630
1185,2026-03-20,Tablet,Electronics,West,Rahul,10,17106,171060
1186,2026-01-27,Mobile,Electronics,North,Rohit,2,36557,73114
1187,2026-06-23,Keyboard,Electronics,South,Karan,6,827,4962
1188,2026-02-19,Speaker,Electronics,North,Priya,6,6331,37986
1189,2026-07-18,Mouse,Electronics,South,Karan,3,1120,3360
1190,2026-05-11,Headphones,Electronics,South,Karan,2,5153,10306
1191,2026-04-03,Monitor,Electronics,North,Aman,1,11186,11186
1192,2026-07-11,Headphones,Electronics,Central,Aman,6,4480,26880
1193,2026-06-21,Smartwatch,Electronics,South,Priya,5,5073,25365
1194,2026-06-30,Laptop,Electronics,North,Rahul,9,57808,520272
1195,2026-01-24,Mouse,Electronics,South,Aman,1,951,951
1196,2026-03-01,Smartwatch,Electronics,East,Neha,7,6533,45731
1197,2026-05-02,Keyboard,Electronics,Central,Karan,5,936,4680
1198,2026-05-11,Monitor,Electronics,West,Vikas,5,9304,46520
1199,2026-05-28,Mobile,Electronics,South,Anjali,2,35752,71504
1200,2026-02-15,Mouse,Electronics,East,Priya,3,1701,5103
1201,2026-01-15,Mouse,Electronics,West,Priya,7,1658,11606
1202,2026-06-02,Laptop,Electronics,West,Aman,6,63925,383550
1203,2026-08-10,Printer,Electronics,South,Rahul,2,25435,50870
1204,2026-07-25,Mouse,Electronics,North,Karan,6,1065,6390
1205,2026-07-18,Tablet,Electronics,South,Neha,2,23633,47266
1206,2026-01-17,Monitor,Electronics,East,Rahul,2,19372,38744
1207,2026-05-06,Monitor,Electronics,West,Rohit,2,16996,33992
1208,2026-08-24,Tablet,Electronics,South,Rohit,3,31458,94374
1209,2026-03-25,Speaker,Electronics,North,Vikas,2,8481,16962
1210,2026-08-16,Tablet,Electronics,South,Aman,4,41751,167004
1211,2026-01-09,Tablet,Electronics,Central,Aman,9,43500,391500
1212,2026-06-15,Monitor,Electronics,North,Aman,6,13475,80850
1213,2026-06-25,Headphones,Electronics,East,Vikas,1,1240,1240
1214,2026-07-07,Monitor,Electronics,West,Rohit,8,15184,121472
1215,2026-03-04,Printer,Electronics,South,Rahul,7,29180,204260
1216,2026-08-02,Laptop,Electronics,North,Vikas,10,68525,685250
1217,2026-04-27,Smartwatch,Electronics,Central,Vikas,3,4122,12366
1218,2026-05-10,Headphones,Electronics,North,Rahul,1,1541,1541
1219,2026-03-29,Mobile,Electronics,Central,Aman,5,52760,263800
1220,2026-03-13,Smartwatch,Electronics,East,Neha,4,3145,12580
1221,2026-05-19,Laptop,Electronics,West,Rahul,10,74402,744020
1222,2026-03-05,Printer,Electronics,East,Rohit,8,11263,90104
1223,2026-07-24,Printer,Electronics,South,Priya,1,21060,21060
1224,2026-07-28,Mobile,Electronics,North,Karan,10,20646,206460
1225,2026-03-13,Headphones,Electronics,Central,Priya,1,4153,4153
1226,2026-01-21,Speaker,Electronics,Central,Anjali,4,11400,45600
1227,2026-01-18,Tablet,Electronics,North,Anjali,8,26664,213312
1228,2026-08-10,Headphones,Electronics,North,Vikas,5,4169,20845
1229,2026-03-05,Speaker,Electronics,South,Karan,2,4528,9056
1230,2026-03-23,Printer,Electronics,East,Priya,6,26065,156390
1231,2026-04-20,Monitor,Electronics,Central,Neha,5,11629,58145
1232,2026-08-27,Laptop,Electronics,South,Aman,2,65609,131218
1233,2026-04-05,Mobile,Electronics,East,Rohit,3,47835,143505
1234,2026-06-15,Laptop,Electronics,South,Anjali,9,50941,458469
1235,2026-02-01,Keyboard,Electronics,Central,Neha,7,2086,14602
1236,2026-01-11,Keyboard,Electronics,North,Rohit,7,1392,9744
1237,2026-02-14,Headphones,Electronics,North,Rohit,6,4563,27378
1238,2026-08-05,Printer,Electronics,East,Aman,8,28874,230992
1239,2026-02-02,Printer,Electronics,West,Karan,4,20081,80324
1240,2026-04-12,Tablet,Electronics,East,Vikas,8,35508,284064
1241,2026-06-18,Tablet,Electronics,West,Priya,4,39724,158896
1242,2026-05-16,Tablet,Electronics,South,Aman,8,35234,281872
1243,2026-01-11,Monitor,Electronics,South,Neha,9,14819,133371
1244,2026-08-02,Smartwatch,Electronics,Central,Vikas,3,11828,35484
1245,2026-06-28,Mouse,Electronics,West,Neha,3,586,1758
1246,2026-03-29,Smartwatch,Electronics,Central,Vikas,2,13546,27092
1247,2026-02-10,Laptop,Electronics,North,Karan,10,70826,708260
1248,2026-05-25,Smartwatch,Electronics,West,Anjali,3,3833,11499
1249,2026-03-17,Monitor,Electronics,East,Neha,3,10711,32133
1250,2026-05-01,Laptop,Electronics,North,Aman,5,49853,249265
1251,2026-02-15,Smartwatch,Electronics,North,Vikas,5,8712,43560
1252,2026-06-09,Monitor,Electronics,East,Vikas,2,15715,31430
1253,2026-07-26,Mouse,Electronics,North,Rohit,10,1150,11500
1254,2026-03-21,Smartwatch,Electronics,West,Rohit,6,4262,25572
1255,2026-02-23,Monitor,Electronics,Central,Rahul,5,23850,119250
1256,2026-03-27,Tablet,Electronics,North,Neha,6,27112,162672
1257,2026-04-02,Printer,Electronics,West,Rohit,1,19652,19652
1258,2026-05-28,Tablet,Electronics,South,Rahul,5,21122,105610
1259,2026-06-10,Printer,Electronics,West,Anjali,9,7481,67329
1260,2026-07-21,Mobile,Electronics,Central,Anjali,10,44921,449210
1261,2026-06-17,Mobile,Electronics,West,Rohit,2,52385,104770
1262,2026-06-09,Mobile,Electronics,East,Neha,1,13524,13524
1263,2026-08-30,Mouse,Electronics,Central,Vikas,10,472,4720
1264,2026-04-07,Tablet,Electronics,South,Priya,9,30048,270432
1265,2026-01-02,Printer,Electronics,East,Karan,10,9343,93430
1266,2026-08-13,Monitor,Electronics,West,Neha,9,13136,118224
1267,2026-02-02,Laptop,Electronics,Central,Karan,9,67144,604296
1268,2026-08-21,Monitor,Electronics,South,Aman,6,9240,55440
1269,2026-07-24,Laptop,Electronics,East,Anjali,8,45060,360480
1270,2026-06-07,Keyboard,Electronics,South,Rohit,1,1638,1638
1271,2026-06-10,Monitor,Electronics,West,Rohit,10,20312,203120
1272,2026-03-18,Smartwatch,Electronics,South,Karan,4,10470,41880
1273,2026-04-26,Smartwatch,Electronics,North,Vikas,1,14918,14918
1274,2026-06-03,Headphones,Electronics,East,Karan,8,4769,38152
1275,2026-05-30,Tablet,Electronics,South,Aman,1,16252,16252
1276,2026-04-13,Laptop,Electronics,West,Vikas,3,65587,196761
1277,2026-07-13,Laptop,Electronics,West,Aman,4,53363,213452
1278,2026-06-15,Tablet,Electronics,South,Priya,8,24650,197200
1279,2026-04-13,Mouse,Electronics,West,Anjali,6,501,3006
1280,2026-03-31,Headphones,Electronics,Central,Rohit,10,7867,78670
1281,2026-06-23,Mouse,Electronics,Central,Rohit,7,674,4718
1282,2026-05-02,Mouse,Electronics,Central,Priya,8,1467,11736
1283,2026-08-30,Mouse,Electronics,North,Rahul,2,1216,2432
1284,2026-05-23,Tablet,Electronics,South,Anjali,10,18004,180040
1285,2026-08-14,Mouse,Electronics,North,Vikas,8,1440,11520
1286,2026-04-16,Smartwatch,Electronics,West,Priya,3,2829,8487
1287,2026-04-29,Mobile,Electronics,North,Vikas,7,48408,338856
1288,2026-06-21,Keyboard,Electronics,West,Karan,3,2220,6660
1289,2026-02-18,Laptop,Electronics,West,Neha,7,69366,485562
1290,2026-04-14,Laptop,Electronics,East,Rohit,2,65491,130982
1291,2026-07-22,Keyboard,Electronics,Central,Vikas,10,2041,20410
1292,2026-03-02,Tablet,Electronics,West,Aman,6,26855,161130
1293,2026-07-14,Monitor,Electronics,East,Vikas,3,8338,25014
1294,2026-05-03,Tablet,Electronics,Central,Neha,3,20895,62685
1295,2026-05-14,Laptop,Electronics,West,Anjali,9,57254,515286
1296,2026-01-09,Laptop,Electronics,West,Rohit,7,64092,448644
1297,2026-01-06,Keyboard,Electronics,North,Karan,5,2450,12250
1298,2026-03-14,Mouse,Electronics,North,Priya,10,773,7730
1299,2026-04-13,Tablet,Electronics,Central,Karan,7,22119,154833
1300,2026-08-11,Printer,Electronics,West,Neha,9,12319,110871
1301,2026-06-09,Keyboard,Electronics,South,Rohit,1,3213,3213
1302,2026-02-10,Smartwatch,Electronics,North,Vikas,7,7887,55209
1303,2026-04-24,Laptop,Electronics,Central,Anjali,6,56918,341508
1304,2026-07-23,Keyboard,Electronics,West,Rahul,10,1188,11880
1305,2026-01-08,Tablet,Electronics,West,Anjali,9,39428,354852
1306,2026-03-13,Laptop,Electronics,South,Rahul,1,58849,58849
1307,2026-06-27,Monitor,Electronics,Central,Aman,4,12873,51492
1308,2026-04-02,Keyboard,Electronics,West,Anjali,9,1739,15651
1309,2026-03-03,Headphones,Electronics,North,Rohit,4,6006,24024
1310,2026-03-25,Laptop,Electronics,South,Rahul,10,53592,535920
1311,2026-03-03,Tablet,Electronics,Central,Priya,3,27182,81546
1312,2026-04-21,Mobile,Electronics,South,Rohit,9,34297,308673
1313,2026-05-07,Printer,Electronics,North,Priya,2,26541,53082
1314,2026-01-07,Speaker,Electronics,Central,Anjali,4,1890,7560
1315,2026-07-22,Mouse,Electronics,South,Priya,6,734,4404
1316,2026-03-25,Speaker,Electronics,East,Rahul,2,10320,20640
1317,2026-07-27,Tablet,Electronics,North,Rohit,8,39070,312560
1318,2026-05-12,Smartwatch,Electronics,North,Vikas,8,6732,53856
1319,2026-05-14,Smartwatch,Electronics,North,Neha,1,13622,13622
1320,2026-02-27,Mobile,Electronics,East,Rahul,3,27023,81069
1321,2026-01-22,Mouse,Electronics,East,Rahul,10,1226,12260
1322,2026-06-03,Headphones,Electronics,West,Vikas,9,6022,54198
1323,2026-05-07,Mobile,Electronics,South,Rohit,5,46268,231340
1324,2026-01-03,Speaker,Electronics,West,Rohit,6,8237,49422
1325,2026-05-07,Mobile,Electronics,South,Karan,4,48062,192248
1326,2026-02-10,Speaker,Electronics,East,Anjali,10,6585,65850
1327,2026-07-07,Laptop,Electronics,East,Priya,2,63803,127606
1328,2026-04-16,Smartwatch,Electronics,West,Anjali,8,11626,93008
1329,2026-01-14,Laptop,Electronics,Central,Vikas,6,64426,386556
1330,2026-07-22,Printer,Electronics,West,Anjali,5,11497,57485
1331,2026-07-29,Mouse,Electronics,South,Vikas,9,1014,9126
1332,2026-01-12,Headphones,Electronics,West,Rohit,1,6592,6592
1333,2026-03-28,Speaker,Electronics,North,Priya,5,9193,45965
1334,2026-01-12,Headphones,Electronics,South,Anjali,6,2382,14292
1335,2026-05-21,Speaker,Electronics,South,Rahul,5,4723,23615
1336,2026-01-25,Tablet,Electronics,Central,Aman,6,38522,231132
1337,2026-02-14,Mobile,Electronics,East,Karan,6,47435,284610
1338,2026-08-31,Printer,Electronics,South,Neha,7,20409,142863
1339,2026-05-02,Smartwatch,Electronics,East,Rahul,4,2630,10520
1340,2026-05-27,Speaker,Electronics,West,Rohit,8,4483,35864
1341,2026-02-24,Headphones,Electronics,North,Neha,7,5478,38346
1342,2026-08-26,Printer,Electronics,Central,Aman,9,19651,176859
1343,2026-04-10,Monitor,Electronics,East,Aman,7,16230,113610
1344,2026-06-22,Monitor,Electronics,South,Priya,3,14640,43920
1345,2026-05-16,Laptop,Electronics,East,Neha,3,56779,170337
1346,2026-08-09,Smartwatch,Electronics,South,Priya,8,7968,63744
1347,2026-04-29,Tablet,Electronics,East,Rahul,5,30317,151585
1348,2026-02-22,Headphones,Electronics,South,Vikas,4,2120,8480
1349,2026-07-02,Mobile,Electronics,West,Vikas,8,19564,156512
1350,2026-02-01,Mobile,Electronics,South,Vikas,6,39345,236070
1351,2026-02-20,Headphones,Electronics,South,Neha,2,5311,10622
1352,2026-02-13,Mouse,Electronics,North,Vikas,4,892,3568
1353,2026-03-23,Tablet,Electronics,South,Rahul,4,28737,114948
1354,2026-07-17,Printer,Electronics,North,Priya,6,16323,97938
1355,2026-05-26,Speaker,Electronics,Central,Neha,6,10002,60012
1356,2026-07-30,Mouse,Electronics,North,Priya,1,1138,1138
1357,2026-05-30,Speaker,Electronics,West,Neha,8,4741,37928
1358,2026-02-06,Speaker,Electronics,North,Priya,6,2045,12270
1359,2026-04-06,Mouse,Electronics,Central,Aman,3,813,2439
1360,2026-02-25,Laptop,Electronics,West,Priya,9,49346,444114
1361,2026-04-15,Monitor,Electronics,East,Vikas,2,17996,35992
1362,2026-02-28,Speaker,Electronics,East,Aman,8,5310,42480
1363,2026-05-11,Mouse,Electronics,North,Priya,10,1462,14620
1364,2026-06-05,Mouse,Electronics,North,Neha,3,1213,3639
1365,2026-07-21,Keyboard,Electronics,Central,Neha,5,728,3640
1366,2026-08-31,Laptop,Electronics,Central,Karan,6,74629,447774
1367,2026-02-04,Smartwatch,Electronics,South,Neha,10,4532,45320
1368,2026-07-08,Keyboard,Electronics,Central,Rohit,6,1176,7056
1369,2026-04-03,Keyboard,Electronics,South,Rahul,4,1017,4068
1370,2026-07-01,Headphones,Electronics,West,Neha,3,1444,4332
1371,2026-07-10,Monitor,Electronics,North,Aman,4,20984,83936
1372,2026-07-26,Mouse,Electronics,West,Karan,1,671,671
1373,2026-04-07,Monitor,Electronics,Central,Neha,4,18616,74464
1374,2026-05-15,Tablet,Electronics,West,Rohit,1,19361,19361
1375,2026-03-17,Headphones,Electronics,West,Vikas,1,2120,2120
1376,2026-02-18,Smartwatch,Electronics,West,Aman,10,10690,106900
1377,2026-04-04,Monitor,Electronics,Central,Rohit,6,11430,68580
1378,2026-08-01,Mobile,Electronics,West,Vikas,5,24676,123380
1379,2026-06-08,Speaker,Electronics,South,Anjali,4,5260,21040
1380,2026-07-05,Tablet,Electronics,Central,Anjali,3,17050,51150
1381,2026-07-08,Laptop,Electronics,West,Aman,1,56692,56692
1382,2026-01-24,Smartwatch,Electronics,Central,Priya,6,3665,21990
1383,2026-05-28,Tablet,Electronics,East,Rahul,2,39951,79902
1384,2026-02-06,Speaker,Electronics,South,Karan,8,3533,28264
1385,2026-01-04,Headphones,Electronics,West,Rahul,10,7667,76670
1386,2026-08-08,Speaker,Electronics,East,Rohit,5,1645,8225
1387,2026-04-18,Keyboard,Electronics,East,Vikas,7,2681,18767
1388,2026-05-06,Speaker,Electronics,Central,Rahul,10,5888,58880
1389,2026-01-20,Keyboard,Electronics,East,Vikas,2,1131,2262
1390,2026-07-07,Headphones,Electronics,South,Vikas,8,1904,15232
1391,2026-06-01,Printer,Electronics,South,Rohit,2,21286,42572
1392,2026-02-19,Keyboard,Electronics,North,Rohit,4,3332,13328
1393,2026-06-26,Laptop,Electronics,South,Rohit,1,49494,49494
1394,2026-06-28,Speaker,Electronics,East,Rahul,5,9556,47780
1395,2026-04-06,Speaker,Electronics,South,Anjali,9,9011,81099
1396,2026-04-15,Laptop,Electronics,Central,Rohit,1,54155,54155
1397,2026-06-13,Mobile,Electronics,North,Karan,9,43883,394947
1398,2026-04-27,Mouse,Electronics,East,Rahul,8,586,4688
1399,2026-04-08,Printer,Electronics,North,Rohit,6,17233,103398
1400,2026-08-16,Smartwatch,Electronics,East,Neha,7,4328,30296
1401,2026-03-07,Keyboard,Electronics,Central,Vikas,3,2808,8424
1402,2026-03-20,Laptop,Electronics,North,Karan,1,57260,57260
1403,2026-06-11,Headphones,Electronics,West,Rohit,5,2138,10690
1404,2026-06-13,Keyboard,Electronics,East,Aman,2,1409,2818
1405,2026-01-06,Mouse,Electronics,West,Vikas,5,1206,6030
1406,2026-02-08,Headphones,Electronics,North,Vikas,8,2663,21304
1407,2026-06-19,Tablet,Electronics,West,Rohit,9,38870,349830
1408,2026-08-31,Speaker,Electronics,West,Anjali,2,9702,19404
1409,2026-04-25,Tablet,Electronics,North,Priya,3,44757,134271
1410,2026-07-05,Keyboard,Electronics,Central,Anjali,3,2568,7704
1411,2026-05-05,Mouse,Electronics,West,Rohit,1,625,625
1412,2026-01-12,Printer,Electronics,West,Vikas,8,22512,180096
1413,2026-05-11,Keyboard,Electronics,Central,Karan,6,3311,19866
1414,2026-08-25,Laptop,Electronics,West,Aman,8,74443,595544
1415,2026-01-18,Monitor,Electronics,West,Karan,9,24220,217980
1416,2026-02-09,Keyboard,Electronics,West,Karan,5,2033,10165
1417,2026-01-21,Speaker,Electronics,South,Vikas,3,10576,31728
1418,2026-05-23,Speaker,Electronics,Central,Anjali,5,5064,25320
1419,2026-08-13,Keyboard,Electronics,West,Aman,5,2089,10445
1420,2026-04-09,Headphones,Electronics,Central,Rahul,5,4601,23005
1421,2026-01-26,Monitor,Electronics,East,Neha,3,15274,45822
1422,2026-01-08,Laptop,Electronics,East,Vikas,10,73897,738970
1423,2026-04-10,Keyboard,Electronics,West,Rohit,4,1524,6096
1424,2026-08-28,Headphones,Electronics,Central,Rahul,9,3465,31185
1425,2026-08-10,Speaker,Electronics,Central,Neha,10,2436,24360
1426,2026-03-28,Speaker,Electronics,Central,Rohit,9,7902,71118
1427,2026-02-11,Mouse,Electronics,South,Karan,2,453,906
1428,2026-06-21,Keyboard,Electronics,East,Priya,8,1426,11408
1429,2026-01-14,Monitor,Electronics,Central,Rohit,8,21832,174656
1430,2026-03-19,Mobile,Electronics,Central,Aman,7,23362,163534
1431,2026-01-02,Monitor,Electronics,South,Aman,8,18106,144848
1432,2026-04-29,Speaker,Electronics,South,Priya,3,9157,27471
1433,2026-02-06,Speaker,Electronics,Central,Rahul,6,3966,23796
1434,2026-03-10,Tablet,Electronics,North,Neha,1,42313,42313
1435,2026-06-15,Speaker,Electronics,Central,Rohit,7,10541,73787
1436,2026-08-25,Laptop,Electronics,Central,Aman,1,71685,71685
1437,2026-02-10,Smartwatch,Electronics,South,Rahul,9,9812,88308
1438,2026-03-03,Keyboard,Electronics,South,Priya,1,2963,2963
1439,2026-03-01,Monitor,Electronics,Central,Anjali,1,15906,15906
1440,2026-05-05,Smartwatch,Electronics,Central,Vikas,7,14761,103327
1441,2026-04-21,Headphones,Electronics,Central,Anjali,2,6076,12152
1442,2026-01-14,Mobile,Electronics,South,Anjali,5,19287,96435
1443,2026-08-19,Laptop,Electronics,Central,Aman,8,45892,367136
1444,2026-08-05,Monitor,Electronics,Central,Karan,8,18222,145776
1445,2026-03-25,Smartwatch,Electronics,West,Karan,3,13852,41556
1446,2026-05-10,Mobile,Electronics,North,Priya,7,49443,346101
1447,2026-08-19,Tablet,Electronics,East,Rohit,3,16933,50799
1448,2026-03-11,Laptop,Electronics,North,Karan,6,62764,376584
1449,2026-05-25,Laptop,Electronics,West,Anjali,6,56873,341238
1450,2026-05-03,Tablet,Electronics,East,Karan,3,32674,98022
1451,2026-03-30,Keyboard,Electronics,Central,Anjali,7,2340,16380
1452,2026-01-28,Tablet,Electronics,West,Neha,3,28239,84717
1453,2026-03-07,Laptop,Electronics,Central,Aman,8,68874,550992
1454,2026-06-12,Laptop,Electronics,South,Aman,10,55874,558740
1455,2026-08-17,Smartwatch,Electronics,West,Rohit,4,11679,46716
1456,2026-01-05,Speaker,Electronics,South,Karan,1,2718,2718
1457,2026-07-12,Mobile,Electronics,West,Karan,4,49784,199136
1458,2026-06-17,Tablet,Electronics,West,Vikas,7,38265,267855
1459,2026-07-23,Mobile,Electronics,South,Rahul,4,37931,151724
1460,2026-07-03,Tablet,Electronics,East,Neha,6,43841,263046
1461,2026-06-13,Headphones,Electronics,North,Aman,9,5816,52344
1462,2026-02-14,Laptop,Electronics,Central,Neha,1,58774,58774
1463,2026-05-31,Speaker,Electronics,West,Aman,5,11252,56260
1464,2026-02-16,Smartwatch,Electronics,Central,Neha,7,12110,84770
1465,2026-01-31,Speaker,Electronics,South,Priya,1,2454,2454
1466,2026-05-19,Speaker,Electronics,Central,Anjali,4,10675,42700
1467,2026-01-10,Speaker,Electronics,South,Aman,6,8791,52746
1468,2026-07-14,Mobile,Electronics,Central,Neha,2,45742,91484
1469,2026-04-28,Tablet,Electronics,North,Karan,10,19133,191330
1470,2026-01-14,Printer,Electronics,North,Rahul,5,21663,108315
1471,2026-03-21,Headphones,Electronics,North,Priya,10,6570,65700
1472,2026-07-21,Monitor,Electronics,North,Priya,1,11972,11972
1473,2026-04-03,Speaker,Electronics,North,Rahul,6,6795,40770
1474,2026-01-10,Keyboard,Electronics,North,Neha,6,2325,13950
1475,2026-03-17,Mobile,Electronics,South,Karan,4,53873,215492
1476,2026-04-04,Smartwatch,Electronics,West,Rohit,8,10728,85824
1477,2026-04-15,Monitor,Electronics,Central,Rahul,4,17903,71612
1478,2026-01-01,Printer,Electronics,North,Neha,8,10020,80160
1479,2026-05-13,Keyboard,Electronics,South,Rahul,8,1495,11960
1480,2026-01-20,Printer,Electronics,South,Rahul,5,27420,137100
1481,2026-01-08,Monitor,Electronics,South,Aman,4,20880,83520
1482,2026-06-20,Speaker,Electronics,West,Neha,2,6733,13466
1483,2026-07-23,Keyboard,Electronics,Central,Rohit,3,2024,6072
1484,2026-01-01,Printer,Electronics,West,Anjali,3,21559,64677
1485,2026-02-26,Smartwatch,Electronics,East,Aman,4,2817,11268
1486,2026-03-05,Tablet,Electronics,South,Rahul,4,17396,69584
1487,2026-04-28,Laptop,Electronics,East,Anjali,10,63546,635460
1488,2026-07-31,Tablet,Electronics,North,Vikas,5,34129,170645
1489,2026-01-28,Monitor,Electronics,North,Anjali,4,9591,38364
1490,2026-05-01,Mobile,Electronics,West,Rahul,10,23303,233030
1491,2026-04-17,Laptop,Electronics,Central,Rahul,8,51183,409464
1492,2026-06-14,Headphones,Electronics,East,Karan,6,5130,30780
1493,2026-06-24,Smartwatch,Electronics,Central,Neha,6,12688,76128
1494,2026-08-17,Headphones,Electronics,West,Neha,8,7068,56544
1495,2026-07-23,Keyboard,Electronics,North,Aman,7,2012,14084
1496,2026-06-14,Laptop,Electronics,Central,Rohit,10,70861,708610
1497,2026-02-18,Headphones,Electronics,Central,Aman,10,5511,55110
1498,2026-08-29,Headphones,Electronics,North,Priya,8,3583,28664
1499,2026-04-30,Printer,Electronics,East,Rahul,2,26623,53246
1500,2026-02-13,Tablet,Electronics,North,Anjali,9,17139,154251
